{"cameraMode":{"drawMode":0,"name":"Shaded","section":"Shading Mode"},"sceneLighting":true,"audioPlay":false,"sceneViewState":{"showFog":true,"showMaterialUpdate":false,"showSkybox":true,"showFlares":true,"showImageEffects":true,"showParticleSystems":true},"in2DMode":false,"pivot":{"x":0.0899209976196289,"y":2.903751850128174,"z":3.9630813598632814},"rotation":{"x":0.0584656298160553,"y":-0.007487848866730928,"z":0.0004327970964368433,"w":0.9982699751853943},"size":63.462711334228519,"orthographic":false}